{
  "hash": "bf37c4a5",
  "configHash": "d6a8a22b",
  "lockfileHash": "e9ecf7b6",
  "browserHash": "caa16d9b",
  "optimized": {
    "@angular/core": {
      "src": "../../../../../../node_modules/@angular/core/fesm2022/core.mjs",
      "file": "@angular_core.js",
      "fileHash": "9a136677",
      "needsInterop": false
    },
    "@angular/platform-browser": {
      "src": "../../../../../../node_modules/@angular/platform-browser/fesm2022/platform-browser.mjs",
      "file": "@angular_platform-browser.js",
      "fileHash": "05e025ff",
      "needsInterop": false
    },
    "@angular/router": {
      "src": "../../../../../../node_modules/@angular/router/fesm2022/router.mjs",
      "file": "@angular_router.js",
      "fileHash": "fcd1dbda",
      "needsInterop": false
    }
  },
  "chunks": {
    "chunk-I24HARRT": {
      "file": "chunk-I24HARRT.js"
    },
    "chunk-WGQFXCG2": {
      "file": "chunk-WGQFXCG2.js"
    }
  }
}